state,chr_population,chr_premature_death,chr_poor_or_fair_health,chr_poor_physical_health_days,chr_poor_mental_health_days,chr_low_birthweight,chr_adult_smoking,chr_adult_obesity,chr_food_environment_index,chr_physical_inactivity,chr_access_to_exercise_opportunities,chr_excessive_drinking,chr_alcohol-impaired_driving_deaths,chr_sexually_transmitted_infections,chr_teen_births,chr_uninsured,chr_primary_care_physicians,chr_dentists,chr_mental_health_providers,chr_preventable_hospital_stays,chr_mammography_screening,chr_flu_vaccinations,chr_high_school_graduation,chr_some_college,chr_unemployment,chr_children_in_poverty,chr_income_inequality,chr_children_in_single-parent_households,chr_social_associations,chr_violent_crime,chr_injury_deaths,chr_air_pollution_-_particulate_matter,chr_drinking_water_violations,chr_severe_housing_problems,chr_driving_alone_to_work,chr_long_commute_-_driving_alone,chr_life_expectancy,chr_premature_age-adjusted_mortality,chr_frequent_physical_distress,chr_frequent_mental_distress,chr_diabetes_prevalence,chr_food_insecurity,chr_limited_access_to_healthy_foods,chr_insufficient_sleep,chr_uninsured_adults,chr_uninsured_children,chr_other_primary_care_providers,chr_median_household_income,chr_children_eligible_for_free_or_reduced_price_lunch,chr_traffic_volume,chr_homeownership,chr_severe_housing_cost_burden,chr_percent_below_18_years_of_age,chr_percent_65_and_older,chr_percent_non-hispanic_black,chr_percent_american_indian_&_alaska_native,chr_percent_asian,chr_percent_native_hawaiian/other_pacific_islander,chr_percent_hispanic,chr_percent_non-hispanic_white,chr_percent_not_proficient_in_english,chr_percent_females,chr_percent_rural
ak,737438,8031.057373433715,0.14884925759721684,3.6269937741369906,3.361617875874934,0.05696628213101535,0.17381644534461038,0.3249502141196955,7.409767465197073,0.2009179239475047,0.9677966147662583,0.2159991256497921,0.34768517942502963,760.5789275844207,25.51763027622017,0.14763747871655095,9.080574846224361e-4,9.994060434055474e-4,0.004324431361861201,2352.8996186798076,0.29808942582291664,0.29392735389280183,0.792295698688416,0.6434040667741088,0.0676844166254858,0.13645371543099216,4.079198767613483,0.2928396903033943,10.246965362933768,456.95124773615424,92.41907319054643,0,0.7669905809030725,0.2139562799556155,0.6770430667649399,0.1572129467155205,78.34784009037065,356.53519406613,0.10828008485294303,0.1074918259541274,0.07900015323322096,0.13184885102205202,0.09218605456220971,0.3121535306979076,0.1718355784207883,0.09164976787427824,0.0015160596328386928,74372.65599955522,0.4290625826187938,212.97987451534257,0.6417812985252257,0.1224495688853208,0.249262988902898,0.1179909361737521,0.033712664661970496,0.1539329408006064,0.06648016509161557,0.013860148253105888,0.07226099009248561,0.6026418491966691,0.01702431867170718,0.4785012434939457,0.3157408324431147
al,4887871,9965.81815846665,0.21448571899478772,4.656966177956308,4.813526021561336,0.10178293405282436,0.18804975627797083,0.3542554056766228,7.057944143779572,0.29723418887282416,0.6159272036593827,0.14658628126077883,0.26916317052996236,613.1108810154768,31.392388321667674,0.1105824140401918,6.486524575177209e-4,4.8180485126972453e-4,0.0010116879082594243,5714.237139850868,0.4000906488735075,0.41426558720555434,0.8925753836728473,0.6016850238022324,0.03976079260439584,0.23888117628308933,5.122771593424222,0.3721380628749441,11.946098661995983,473.6039021742143,82.08567162288674,11.58605413277069,0.14781568498841316,0.14309815586874955,0.8580714849543196,0.344744512897333,75.51593506126211,474.12148870355765,0.1422683656828443,0.14857586134299872,0.1419576150843588,0.1573394416505673,0.07852838907419393,0.37371461600297456,0.1411995235725513,0.030303750142782717,8.598835773710477e-4,50602.12024908186,0.559869255165502,165.92849301344089,0.6863400652508005,0.12633101807366193,0.22296824119034064,0.16917263160863497,0.264977328577213,0.0070327142394519815,0.01496909390816241,0.00106528998528169,0.04443263743578636,0.6541342846552399,0.01063909111598162,0.5163303205113892,0.40437200730905604
ar,3013825,9487.687861195727,0.21162475317016455,4.451363647110366,4.541347533979537,0.0890075152691137,0.1951233567145283,0.3411302710011364,6.827214254311381,0.3141807108906456,0.6424067529784285,0.1499465027889422,0.26773848716919674,574.5756094995562,38.10030544493398,0.09299147184322702,6.659011243452755e-4,4.638623697659618e-4,0.0022629051007717104,5005.090222225909,0.371825003110665,0.46092888273207633,0.8822191625406377,0.5799312065817664,0.037726871439514836,0.24100855424585038,4.6603555341468645,0.3608119682402115,11.193170671685428,517.143702607077,81.66841436225252,10.27567748625086,0.5860851243851252,0.14266894345127723,0.8273725034335873,0.26704428525212975,76.01940519926683,458.97914458123813,0.13230166605161328,0.14173728215024026,0.13285619370733204,0.16684880741250738,0.08547013873325521,0.34107967759273206,0.11361063819851354,0.04329267967364011,8.480917212226987e-4,48062.04545220774,0.3530580574224548,127.53534727665733,0.6565466749884261,0.11646716917735861,0.233318125635281,0.1698263834215823,0.154169535385578,0.01002878401755991,0.016690086516339003,0.003610362252234055,0.07737244198641766,0.7222088210232871,0.016133757364521065,0.5088822343684846,0.4295005462875717
az,7171646,7119.864202893248,0.168416656935496,3.8042513512337637,3.9612537952616456,0.07197642625561405,0.14606247857155502,0.2754197432500154,7.375955603497441,0.21759334412211645,0.8545943293172594,0.17509697308349792,0.2597915066240158,564.1941025254175,27.443060265740314,0.12106013739821796,6.641276521515981e-4,6.15061018186104e-4,0.0013319118177896956,3073.8615468471253,0.4118201442179383,0.4512440421627057,0.7806733705715864,0.6323205377334374,0.049120152295507154,0.20310290929028008,4.546065277343352,0.35610974415483915,5.596597234289848,384.363230670666,82.7194551476749,9.48209922798755,0.9858548511736357,0.18474923901662474,0.7673984998333375,0.35354268294893526,79.99434518107098,332.21970578896037,0.11662611031574695,0.12188113992373414,0.09666252893687168,0.14168943475458773,0.07334257901521442,0.3337927756622241,0.14014926037818437,0.07678476799257193,9.73695594476289e-4,59811.91360937224,0.551272471467307,830.83895248668,0.6364418401090365,0.14179618171267552,0.22904881250206882,0.17544786792347652,0.043766103314282136,0.05300875138374592,0.036769243786229686,0.0027593386444587616,0.31601434315660426,0.5442079823647515,0.04867992875237027,0.5028562480575389,0.09763503129420777
ca,39557045,5300.382293520473,0.15980447188865585,3.551181981723832,3.6613518037871056,0.06798511610874311,0.110723430202247,0.23808869449171444,8.341494504961126,0.177448683262362,0.9309636862748983,0.19523294520778608,0.2860072484010023,553.2686924162308,19.00101851094908,0.08197681814337673,7.924182108188213e-4,8.457659190827298e-4,0.0035315327607754856,3704.3841845618144,0.3553034583346658,0.40842537353333647,0.838437038744691,0.6463272934752491,0.04290147532368178,0.1690003387765694,4.990136450441,0.308284750536406,5.840506833499888,417.98713298176517,50.225205695378946,12.201568833061215,0.7570344549245274,0.26939835883243596,0.7415111268307958,0.4117293941698628,81.60029075546504,271.87104939318016,0.10732786409777494,0.11246205981731486,0.08592767422339055,0.11068781325804292,0.032997680167162174,0.334951082767335,0.10153234671399905,0.03139673642344165,6.287122744244345e-4,77235.56709996916,0.5911942881457428,1194.3284120984642,0.5471892661376897,0.20200645563746433,0.22726558566557326,0.14331265138672236,0.05620424882226433,0.016459166755473154,0.1532874864510568,0.005052753563584368,0.3928539657247935,0.36829363770123125,0.09804614669000149,0.5029058161505437,0.04977685324866238
co,5695564,6032.130119674374,0.13036773599796952,3.219504066543191,3.5997772674459303,0.08963943812608244,0.13759666358876266,0.21944840352948364,8.277183576551856,0.1551110227187334,0.907055198213252,0.20039916836427948,0.35273585960576076,481.25065810866147,19.881035467381473,0.08687352752384361,8.194753620831931e-4,7.962336965508771e-4,0.003555398545949672,2810.6933696118595,0.41633639267331557,0.49101939158264224,0.8033105627846492,0.7163024226093293,0.03326681869482085,0.12202084078064965,4.247023142472802,0.27159656835007,8.40108341768237,325.14738041721927,77.86610034880694,7.286034271583991,0.6804711526373859,0.16503849384255273,0.7551261417994058,0.349589536523512,80.5727770464334,285.5232522991843,0.09571545107947,0.10978298212157189,0.06351729100050496,0.10363622601730049,0.05394624660421268,0.273535068328446,0.10256392465022908,0.04583666675895799,0.0010857572606686361,74114.44256477497,0.422419511849632,364.93024275491024,0.6514202468012285,0.14063340880717876,0.22214393516359082,0.14190499835015147,0.04022165319007326,0.01599841559796382,0.03469963641765516,0.0019195640696135973,0.21685596017736655,0.6791827815595776,0.030345644164595675,0.49647339578906413,0.13354838224751375
ct,3572665,5681.0272145231465,0.12282398638316025,2.9908500811783023,3.50448856975206,0.0777792573244744,0.11569042926530265,0.25739059329660074,8.308151981783906,0.20340953769804895,0.9407985531001161,0.1795700526385374,0.3178801341755667,466.72866344871403,11.064842586913423,0.062365768412511444,8.318317270677772e-4,8.500657096340686e-4,0.003929839477594149,4113.560070143716,0.4796563041874903,0.5319294028407365,0.8754473869412107,0.6898725740589187,0.04108549871435631,0.13704902894617885,5.120712029620764,0.3202999922347532,9.428218042267112,240.8142375957624,68.13712675577692,8.509767078637376,1,0.18230549491371137,0.7813368716296165,0.33715881617783927,80.90974812341808,275.61006348541486,0.08983568598881757,0.10487879166329779,0.08937400539933076,0.10776722922524222,0.04330401596955718,0.32816730911494524,0.07462483210935422,0.028631694139944888,0.0012458487155852004,77483.57296807846,0.36112452399878886,490.2065574133662,0.6632021012776518,0.1681199032355176,0.20578279800832608,0.17217427324441012,0.10212488435605818,0.005582107446760556,0.048646878437217066,0.0010748278850851675,0.16508936605585697,0.6651480057508341,0.03806568938040063,0.5120183392477976,0.11826062798925097
dc,702455,8111.2509454,0.1303379366,2.8856923335,3.5629029718,0.0992557327,0.1596559215,0.235,8.6,0.184,1,0.273130182,0.2888888889,1312.3,27.115912358000003,0.0430057807,0.001174399,0.0011815703,0.004845862,5520,0.35,0.38000000000000006,0.7236731255,0.8119717875,0.05553495960000001,0.245,7.218459442100001,0.5207704804,28.747557538,1226.4348766,78.357904643,9.7,0,0.21461245009999996,0.3426350746,0.488,78.5919757,413.84898239,0.0910391332,0.1083328486,0.081,0.11,0.0078589846,0.3620131325,0.0518314102,0.0106074685,0.0017823206,82533,0,465.37923742,0.4179232339,0.1839325344,0.1814977472,0.1214355368,0.4489070474,0.0061156942,0.0441665302,0.0013879893,0.1128171911,0.3705119901,0.024951313400000005,0.5255112427,0
de,967171,7838.523013255858,0.17438248578889773,3.819925996830455,4.256332873303493,0.08689915869705522,0.1573418153422008,0.3093257955418432,8.157905375574742,0.2769021021101749,0.8595302179597394,0.18198700198091838,0.3016083148711782,560.3342618833691,21.394490694294614,0.06115205755802386,7.174322500235222e-4,4.65274488067777e-4,0.0026210463308966045,5142.60790801213,0.4726503793021089,0.5405245814855905,0.8833212220819628,0.6116964194114971,0.03770052548397574,0.1770302262991756,4.34670772566119,0.36908374350284184,10.281062931249823,497.8159894230832,76.51593319386807,9.681117610019324,0.4216793100702978,0.14841791614065247,0.8108182507971854,0.3439274512986845,78.34313281731225,362.6211270629531,0.11514982993862015,0.13177028444191854,0.11548952460319839,0.11471102111208877,0.04671620497349642,0.35627252850206664,0.07307513440784721,0.028919872991471727,0.001246935644309331,64560.72201916724,0,249.81772646862777,0.7093997470509312,0.13694582208485842,0.2105274041788714,0.18723266099714303,0.2186831491147247,0.006677205974395118,0.04092761256848644,0.0010846065494904212,0.09509590342720521,0.6193951224974394,0.020066219967469143,0.5161900015710967,0.17432294639646836
fl,21299325,7355.68986294744,0.19006993708625175,4.081343024422385,4.313458927957691,0.08582411531705722,0.16952954145591134,0.2663430192271351,7.587183316842201,0.25945573852692516,0.8884398152931661,0.17636170455513858,0.22290987265101536,476.37153752525023,21.77256331438003,0.1597291636382581,7.246629402272795e-4,5.903942965809527e-4,0.0016076096410208587,5371.039244154451,0.3968725168520599,0.4011516726469031,0.8271665432164838,0.6221038034290738,0.035983694120260534,0.19931522618674535,4.650995836811585,0.3769275007865881,7.003270572067421,442.8412574368673,78.98205627628703,7.5745853166708335,0.43017227071749925,0.20294060728997634,0.7943835607741677,0.41236190386315064,79.90674963693066,342.9580503239822,0.12887394580796083,0.13707350508264907,0.10621737552715871,0.13221293064451572,0.07192254059149293,0.3470732780139023,0.19013650361169362,0.07270198017907642,0.001103415249847359,55769.005878918695,0.5750483449507773,448.595375119294,0.6460589620707898,0.1760311493760023,0.19855469597536812,0.2046107564386185,0.15537515860394274,0.005022882188581948,0.02965995401297905,0.001143369567501679,0.2611546140541369,0.535189260689029,0.06509289650688105,0.5111686872729703,0.08660347677408003
ga,10519475,7758.691061636344,0.17667158525722562,3.4623698643812326,3.759854160948945,0.09540746966861995,0.16471597441321836,0.3197383046207154,7.196115918332426,0.27480580285613115,0.7615380075060031,0.16093966408755978,0.21134807214944726,597.7733838903557,26.768167683337502,0.15555878328053355,6.536579687040465e-4,5.10291624874768e-4,0.0013767797288185008,4842.2882313993805,0.39939918769710464,0.43858162218171537,0.8561947696164525,0.6255736877474607,0.039895351825834105,0.21288895605531644,4.7029826029334805,0.3725295808522702,8.479416784267276,378.82499105290736,64.80941604057116,10.970325182578028,0.274778066395899,0.1685853375264833,0.7970408137701488,0.41140219564189273,77.95121581559305,380.8187108571591,0.10877857984201605,0.12095078248685602,0.11754158434712758,0.14339018819855553,0.08974364670911918,0.3666343695911214,0.18901931532078572,0.07447953706924072,0.00105775240715896,60863.869927444095,0.6115795783373857,410.56656177101496,0.6341058054377444,0.14358988509737677,0.23820114596718228,0.13882907655075363,0.31501714676548326,0.005217180519532201,0.04310937570698429,0.0011818080230994038,0.0976034450481618,0.5239157847774631,0.028125454547454756,0.5137194584339451,0.23980227909362503
hi,1420491,5820.829849386444,0.1312167890959695,3.1869516619353315,3.2939212768868735,0.08262202297167684,0.11716951605416043,0.23670922519044474,8.102830500158044,0.20519923533482434,0.923744445672223,0.20417166620601998,0.2916408577359675,478.88231829698327,21.816830013092474,0.046352817362572026,8.754282951761046e-4,8.708256337057399e-4,0.0024906880783926123,2182.4313001631126,0.426136399315448,0.4290820849973706,0.8319845793514822,0.6825990432082207,0.02449690678626623,0.11785331762045659,4.343450238856983,0.29011276817559783,6.543906812072611,244.01999601299948,57.47204655821015,0,0,0.27084173337374795,0.6717926335866624,0.4145705977721788,82.279260969905,279.5732763797822,0.09556960811963047,0.09944138114047882,0.10291437186156054,0.10620220754654552,0.07005624012851529,0.4279125687068103,0.055044549991004804,0.02360114073986129,6.159841864593298e-4,78721.04975181117,0.4687597601304513,985.3796631627671,0.5822839794595427,0.18714028635424532,0.2135979742104573,0.18371605312598158,0.019665031334309052,0.003962714284401591,0.3763846444939552,0.10194080781491857,0.10655259342694295,0.21756068853798297,0.0476850813354659,0.4994674376882694,0.0834463773837421
ia,3156145,6275.709554485417,0.13627653450200508,3.166064479553569,3.5117238498459042,0.06679493998882666,0.15896830523122832,0.3318391559956846,8.143003347438093,0.23661940373461932,0.833930191115871,0.21196046100353877,0.2689985631801576,442.2421929283984,19.665118469639385,0.05483840590482513,7.298652976355015e-4,6.669528799722445e-4,0.0015607647934125018,3891.286304019619,0.5130518116246243,0.5417809289497155,0.914517912541675,0.7018519181450222,0.02543148368260929,0.13574765639728212,4.213674474146468,0.2915953687969082,13.892852534834429,278.3120279287068,67.2522395618931,9.2936942377489,0.21697292107935473,0.12195413854600502,0.8120022158545905,0.20255904117206275,79.5076979314307,318.5947037147992,0.09441010946365325,0.10989027112313005,0.0964851621202448,0.11074183695616012,0.05480418308039517,0.2791747321264233,0.06530802523323406,0.02940106225513856,0.0010094593131166345,61060.971583688326,0.4009332301410716,1493.605086875305,0.7101529119311518,0.1026814755855717,0.2315378412496378,0.1710409375933957,0.03776410779096949,0.005285245134814782,0.027155913307454347,0.0013408762972749034,0.061604267215104085,0.8527716565642233,0.016467786776852966,0.5023020171740042,0.3478799731032631
id,1754208,6363.13557230449,0.14376813235141106,3.6652321422258787,3.8301175386446635,0.06727611373628503,0.13551830916877775,0.29373761264342657,7.788134987413123,0.20863918303872744,0.7937850738551875,0.16609400354747492,0.29157225306401763,361.2420980294241,22.22744241888597,0.11841114502375363,6.599144080008756e-4,6.510060512381656e-4,0.0020841314129388306,2645.0139504551344,0.39947557530235867,0.42406191854101677,0.8427924327745044,0.6403757844739586,0.02876703734804493,0.14130382029953117,4.182282452309689,0.2472257023817154,6.560047965698564,214.91238884660578,74.63028470768701,9.255279647567448,0.8322103194148014,0.15164665820552325,0.7852503824921836,0.23288497772214017,79.27451477408302,309.8757511212427,0.11019030095097378,0.1196167682705747,0.0890625729674018,0.1230758866679436,0.06957447937060125,0.28983964297510617,0.15373780319367117,0.042439185300909864,0.001081399718031328,57025.208404590565,0.43354426620997694,167.18249472805851,0.6916997536793882,0.11755684335117807,0.2547998868977177,0.15863683211417945,0.007439254632624011,0.017357690764026785,0.015858438679140958,0.0022135345386420538,0.12707045002266806,0.8174030673828282,0.02056765485875791,0.4988752759109885,0.28370331952886657
il,12741080,6719.209974391246,0.15910157144268802,3.5247132767031113,3.7945648071715374,0.0825787162094513,0.1441868270921632,0.2973325103523406,8.316613371864866,0.22268904700386466,0.9101760716264398,0.21136858304598716,0.3147500064568478,589.5726423427213,21.820969613840305,0.07857607475211865,7.999050787707557e-4,7.791333081921314e-4,0.0022957237704081365,5094.195626194954,0.42163746715349093,0.4648136515899751,0.8890728933585934,0.6897591345136668,0.04325396954189305,0.1641694406596615,4.899860394316076,0.32693965819342974,9.61588339254641,404.40924116358906,62.22942000909653,13.324575012479318,0.6550523974419751,0.17404458144345555,0.7318486624926307,0.4229603826363228,79.37029864793455,328.80334724659104,0.10217490625947002,0.11200627589570342,0.09932713215834135,0.10594698722557272,0.044350339468928336,0.3214102514789839,0.09702434888794385,0.0294324218753727,8.233210902262995e-4,67219.14441169822,0.5019798781049132,508.776099625944,0.6615435791844579,0.1485363435231419,0.22425618548999965,0.156420099396634,0.14058439317628413,0.0059309728968058445,0.05876440616925497,6.62816641401922e-4,0.17377977377954015,0.610095455016,0.04266354390354223,0.5086051575098871,0.11197966803982735
in,6691878,8331.232248067601,0.18132698342963494,4.049746513740695,4.454783728914448,0.07988075948968318,0.19364144338968217,0.3331694758930154,7.639253435283787,0.26617538962903986,0.755135040172839,0.17747332887940767,0.1990843104523029,513.950185702728,27.11214951033299,0.09599000345315244,6.62986081154513e-4,5.627717745066781e-4,0.001603884594445042,4915.868817542699,0.41783134420561757,0.4901865515181239,0.873383564171129,0.6250423331410141,0.03464137136545675,0.176770138068865,4.261814809382453,0.3406263671127805,11.784418739274622,361.45969727232927,76.92263635976306,12.241111463777433,0.21115402880925205,0.13174369440564776,0.8294618088410953,0.3097573525697868,77.12261351525812,400.6287324506795,0.12298700422165917,0.13687483062821068,0.11814223944309803,0.12999008409896295,0.06906668036181063,0.3431536127532637,0.10969646710692198,0.06234571251235761,9.258985346234196e-4,57965.65903263628,0.5006227550565582,248.58339352303778,0.689969583632581,0.11316904614698198,0.23433332168252444,0.15765693875139655,0.09490415097197893,0.0041453236339784585,0.02471174759037629,6.787332326711724e-4,0.07101698507521469,0.7885140763210999,0.014908139144004417,0.5068197597174899,0.2694584388316397
ks,2911505,7093.740018826826,0.15117949989564355,3.379469538880787,3.6014152146152782,0.07035907507910888,0.15836704372767837,0.33223200887513504,7.607370964501178,0.24750140803467624,0.8070750519743497,0.18340551493443383,0.22677541556042807,464.1513352029277,25.837789563031365,0.10120738403841996,7.739781632691684e-4,5.84233923166644e-4,0.0019738932149154474,3956.931846244468,0.4494752267298185,0.4784268754475778,0.8731318713174114,0.6962955701010333,0.03402906161441375,0.14741466664147923,4.246186921296742,0.28274150253294267,12.472739898401722,364.88340033737677,74.13150045367782,9.383332194174491,0.3188278914169819,0.1318472484229548,0.822088677564675,0.20911583459413602,78.51166540461442,351.02300643156013,0.10119799167038179,0.1117048754043347,0.10053791252290482,0.12710838518223394,0.0816550044933196,0.3010401001876615,0.12303276284138251,0.05130484037849704,0.0011732763578259353,60893.354614881304,0.46911931668446166,141.0894179230122,0.6614951067248788,0.10986192076946759,0.2424728791651579,0.15876359477354712,0.057475772840460695,0.011958420129644052,0.03133396646379687,0.001242999758826758,0.12061803086868289,0.7566375465693727,0.02250442396087065,0.5018363355229605,0.24821224065271058
ky,4468402,9721.54808467372,0.2110813853636929,4.709826948360442,4.670912386524949,0.08768362420467332,0.20964598182908645,0.3380342999577925,7.332902478335656,0.2855446960680798,0.715827737045098,0.17538398185728912,0.2606369057602649,433.98573494506536,34.464641248488746,0.06378858410644758,6.561509656405578e-4,6.481064068606406e-4,0.0022580779389219235,5832.771449614426,0.4036809714076755,0.46072352039946274,0.9305372014106382,0.6127414394184838,0.045059004973680726,0.224933560364533,4.817105008708274,0.3407316858055087,9.84665113846807,225.28460389180302,93.10942136802349,11.242161784011376,0.22440192265601885,0.13873156381398768,0.822158460671381,0.304250120065294,75.59501682379198,472.95730163922326,0.14434186224174916,0.14597902243039304,0.12547308769443752,0.14786076051349006,0.05621982269694338,0.37883887042250525,0.07424490997209002,0.037016864390419124,0.0013664840271923162,51626.06046233083,0.5964349480573219,236.53900124734565,0.6702153746389197,0.1199705918724505,0.2257695256562079,0.16350946043914152,0.08175898229064295,0.0030015204421303186,0.01629352059480226,9.081546340211557e-4,0.03847751387254177,0.8428814148821221,0.010320423246119195,0.507315814455422,0.4056744032032844
la,4659978,9563.641571314454,0.20702197601728822,4.598834605798748,4.909011413252373,0.10696262635962013,0.20563937778168714,0.35445117122870534,6.935882916185442,0.2918959709681033,0.7534072189402617,0.19824184555576338,0.3249798109250211,739.908036690302,34.358670695461626,0.09634919079870423,6.677093307627633e-4,5.504317872240598e-4,0.002972975400876463,5720.387073501205,0.40962439093060093,0.4253609630775081,0.7950276832971642,0.5636622644851953,0.049573383279527226,0.2664665165801212,5.501663666389206,0.4365381134010022,9.142531509513196,546.664884556254,86.45708730087114,9.248854479570504,0.6816688834153294,0.15784551927983603,0.8279245514072899,0.3320891171589222,76.14238633954969,453.982673619077,0.141621274221087,0.15063198332723618,0.12752540333881404,0.1564293507394241,0.09458189963295013,0.37168465351232427,0.12292587622337041,0.029782095327439768,9.669573613878435e-4,49377.2672482574,0.5451233708216093,249.40440731475593,0.6554084989531943,0.14248497801912274,0.23517621756819287,0.1541708995150724,0.32255602923235543,0.007832655006456147,0.018083990951428784,6.199600088721877e-4,0.052320204081146286,0.5856817349714544,0.014749149079675505,0.5118519872832176,0.2625611149482465
ma,6902149,5799.220018686796,0.13354224867247488,3.4519142306916897,3.908806192250802,0.07500521904242981,0.12772518607039482,0.24746214939723846,8.676705979543472,0.2134910751709359,0.9455970934787158,0.2202770908153303,0.2912937958224175,364.53844160709946,10.018645015591705,0.03280421910965228,0.0010333095530720938,0.0010295344213980167,0.006287896718731297,5007.886162121392,0.5346313735041072,0.5305853292938185,0.8865853113758825,0.7265376017649505,0.033584844712245016,0.12596228507961796,5.396905529278105,0.3099461861823306,9.403790412367893,387.53391506465533,64.01217375570288,7.852067334391071,0.8555107981586605,0.17738451953069695,0.7054895695795143,0.4384641441382966,80.51089049178066,284.1136216987913,0.10142281029948225,0.11498407390700376,0.08938739210063418,0.08841573892421041,0.04038400596215873,0.3316554334315711,0.03886082693341361,0.014684019472593087,0.0012919164736803566,80749.75551252226,0,290.38303073172136,0.6228739697630602,0.16031858490388862,0.19803368488191125,0.1650355563188316,0.07248119390174373,0.004942228874205309,0.07135574732033392,0.0010745928393207681,0.12274771234369909,0.7140070433114257,0.04584289678730923,0.5145674195195039,0.07845183754821591
md,6042718,7258.179159560151,0.13420274620205466,3.15061455160991,3.7129140762080297,0.08564908975620251,0.13008233686995077,0.30942918021327487,8.479881321617192,0.22382735004347382,0.9263525429565577,0.16774207783212736,0.27438861148304544,550.7123926186858,17.25324136676866,0.07017681784926057,8.759941586178769e-4,7.738239696752521e-4,0.0025832746096211504,4520.853312201562,0.41256226585453765,0.49491783002284734,0.8721231116433946,0.6964871906767299,0.039564756057491046,0.12410136663666914,4.305667252487601,0.33529296798119507,8.87734363600395,456.44894478297715,75.3694074412579,10.28234468330311,0.28361409551132455,0.16444256622523315,0.7391062547224637,0.49374027118260355,79.35586127449294,341.2853489914478,0.09487919571276222,0.11310604511471446,0.10702707192359465,0.10281222622005529,0.033828099366413324,0.3542928220936982,0.0825894632342842,0.037091705430550605,0.0010672349725638528,85356.11492675978,0.47665947579116397,574.8448573385655,0.6692038896718453,0.1443059583044456,0.22177900740710535,0.1540922478982264,0.29809880255565707,0.0059886958132441565,0.06713568298970539,0.0011163850344090027,0.10399839939645754,0.5048741311450721,0.03220977567888103,0.515297420789271,0.12694036005691847
me,1338404,7037.637068114474,0.12762171071999343,3.5529974358406196,4.083413623468948,0.0707152778322588,0.15098322188053742,0.2988574750224895,7.914055770903255,0.21623584209252217,0.7026075943582689,0.20313665483681895,0.3576722088520129,325.4038589245101,15.553277238278161,0.10287164986277633,0.0011136899225238418,6.462921424814182e-4,0.004760894318553292,3597.0936100011654,0.4615391615685548,0.4624325614687344,0.814212437734431,0.6736861787416779,0.03409393339329254,0.148414407757299,4.448478317463389,0.3138770987164107,10.868091102580077,121.66332358353947,87.40313552142395,7.539556740715061,0.867649080546681,0.15013798365398998,0.7850086840296094,0.32451280256185727,78.69665015084207,337.9639419541557,0.10498579318398256,0.12400765403041906,0.10181177282793535,0.13063548524959578,0.03824945537751157,0.31640181975013904,0.11981147332596831,0.04975039235904122,0.0014278199961336039,56606.48330997217,0.44545833150166964,85.1047824279232,0.7220580999573039,0.12565950268222958,0.18709149106304682,0.20621501429620862,0.015472159363255938,0.007215310168823763,0.012458121767260334,3.399571594047836e-4,0.017072572997183063,0.9314743530619247,0.005597345985587013,0.5103324556627462,0.609580819859635
mi,9995915,7641.033065349869,0.1522141598609842,3.9417795484867257,4.2235349049976065,0.08344430076942783,0.1721126496144881,0.3202630665626908,7.602937960156724,0.23371056106419472,0.8560973177280679,0.19717341935368007,0.28613336338692735,507.40994426223114,20.415297072793972,0.061365847319423454,7.836006184861416e-4,7.439038998172053e-4,0.0026798947241361898,5240.706612651268,0.436131462702514,0.4703720869975385,0.8790736370410936,0.6774676733413323,0.04217975094629921,0.1907773074300852,4.602570869986076,0.3375720167904171,9.606060974185626,441.9957062009066,75.20289548331918,10.660977079136828,0.3108255722462626,0.1527839386432042,0.8236993656849022,0.3299300538269883,78.12071663993295,367.86782041895873,0.11903847735656904,0.131789070928979,0.10743503131029027,0.1351494148359605,0.06286102840524317,0.3579775059748473,0.07327014408158196,0.0295206466337092,0.0010589325647323731,58490.19757530952,0.5001857447955798,566.1553964312089,0.7095243289655162,0.1302536126204356,0.21655526282756118,0.1717305519333912,0.13761841711825318,0.007352903656544899,0.033747385808635275,4.1436926693811423e-4,0.051923410721658965,0.7488500052283078,0.015133022090604051,0.507584548306149,0.2522592512213251
mn,5611179,5334.636164477709,0.11534204716647334,2.888751620237801,3.1032292116610654,0.06565156620419194,0.13806258891665396,0.2795560997073877,8.474524302290124,0.20061727169994042,0.8736401468262609,0.2202235374603482,0.29261846964358296,413.3304637403298,14.495851274940819,0.0511283513682188,8.943275555867492e-4,7.173180520011748e-4,0.0025146230353638157,6095.29205127835,0.4479976240287469,0.5038441279453034,0.8312851762704416,0.7446024839405784,0.029297001851024122,0.11710830183816984,4.220925455123512,0.2807448455715831,12.478400804695276,232.0349976779229,64.72944634617089,7.893863482166582,0.4503297791783153,0.13327318013056824,0.7793470074422068,0.3052553313661888,80.96737731409176,266.3160313001402,0.08673334386030514,0.09647431014886425,0.0824667790851085,0.0923709879866602,0.05572087458740819,0.2907119742319243,0.058384595876938984,0.03325167437531503,0.0011457485073498813,71925.12377345296,0.37574530188647115,358.2504141957661,0.7172518086071539,0.11176417958376804,0.2321463991888743,0.15857665564841725,0.06550887077359509,0.013654171428706409,0.051499871941551784,7.387039347671318e-4,0.055119075685460275,0.7947114144789721,0.021424962531107546,0.5019226797146634,0.25857751371271975
mo,6126452,8413.160185995463,0.1811903180627385,4.280144355049528,4.341289399935172,0.08275710644225731,0.19119986507232514,0.32175258567275156,7.456847242090529,0.2573182501062605,0.7691608154918753,0.1926818863605891,0.27859586583637275,533.4989877828145,26.577424372618346,0.10953343900128609,6.990441307974011e-4,5.810867387479408e-4,0.001942559895539784,4791.794048823038,0.43509337051853175,0.466057179587794,0.9106742447430618,0.6612760246294849,0.03231579525831902,0.1846827106455743,4.379958402338267,0.3338350801287097,11.123572826777268,447.87653369942444,87.5753455477666,10.625649984689344,0,0.13648530976539885,0.8182047277288388,0.31739499468860605,77.35057408108226,401.490756169824,0.1293834306710646,0.1343379419977911,0.1159413048531189,0.14067990380076428,0.0682603798664338,0.3333737280442935,0.1325317540293343,0.05021173513955121,9.716880210032659e-4,56362.23740739338,0.5131073750962547,270.4779471111097,0.6721591361219587,0.11615050045933091,0.22473529539621442,0.1687704400452562,0.11604906070407157,0.005716032700983505,0.021390194524614933,0.0015645270758774571,0.04297185385617263,0.7930041727347474,0.009728851055126704,0.50908568285922,0.2915093352733373
ms,2986530,10426.585548530855,0.22591740124533777,4.465548941531959,4.534441541587991,0.11470398984502184,0.19241686329557336,0.3674173150780337,6.230241785617422,0.31824081894372397,0.5513226269520725,0.14326576264494595,0.19633019908577237,706.733123591593,36.78074898392012,0.14491988435356415,5.296837468832725e-4,4.7145014601932683e-4,0.00159080939460876,6030.209491617362,0.39002590966774153,0.41612283486186313,0.8295186347878805,0.5951305922806921,0.04871918747714548,0.28162176237975173,5.066288693071923,0.43423179660760586,11.732943581661617,175.2271149241341,85.71601406169896,10.085113358981829,0.14761211171493338,0.15776328754242577,0.8521316388365684,0.32150113576625716,74.98158355405062,500.13709254875596,0.13931601282106904,0.14069295227903691,0.14596413764469132,0.18592202690078452,0.10559986720133992,0.34817917459284276,0.18383958331818376,0.05049222379306329,0.0011722634619958949,46132.12005772586,0.7477733503762081,105.09300555998927,0.6828965915410716,0.13228713863389321,0.23644195771352228,0.15887166712816828,0.37438197506604326,0.006168697444882925,0.010765671206326405,6.067241959086632e-4,0.033539927607834745,0.5645776201869342,0.00821913147973779,0.5152451172434447,0.49962139627179225
mt,1062305,7233.971627034371,0.1416406708336969,3.6850180504354357,3.7086710337391464,0.07357986918852306,0.16641960635188144,0.2582884529395983,7.736034189804246,0.21564696297202782,0.7549036863910513,0.2207081622292596,0.4501748841738305,430.9249984703075,23.605374981428735,0.10477491108879926,8.024470747557433e-4,7.201321622344807e-4,0.0030076108078883183,3111.3747511307956,0.4280579776994366,0.4288616922635213,0.8683971365097594,0.6712794298245487,0.03815959425408522,0.160814196487826,4.411047593351605,0.26154924989649203,12.368916141359614,302.03092226510176,90.38133665520334,7.076945698269329,0.4742677479631556,0.14865801587265756,0.754960988945682,0.16718648693171922,78.38099488054202,335.92883032343235,0.11268936803392718,0.11972357179962884,0.08088072446237192,0.12042819905770942,0.0809619765382346,0.2749197451336677,0.12245819689498288,0.06014094174145024,0.001244463694650877,54990.014726467445,0.438779398688071,145.56386631556438,0.6760932991728581,0.12583256676762183,0.21597752057771583,0.1872362457088498,0.005282851916613401,0.06646208011181101,0.009274172661331067,8.406248672926326e-4,0.04001016657845995,0.859362424170751,0.003079698428200093,0.4965174784995922,0.4376162061521186
nc,10383620,7750.299626895872,0.1701526402378758,3.943141695115825,4.0461110935045195,0.09047818645741625,0.1625141826288171,0.3133470044165715,7.325206247917392,0.24180215926622894,0.7434251389399914,0.17219205099867982,0.30105228143198887,611.6901381213873,24.872941323308336,0.12689431385521632,7.0874313586596e-4,5.62231667138522e-4,0.002441826647086652,4774.378458764862,0.4555344041865939,0.5166398568129419,0.8655026747079483,0.663088367841379,0.03968584958675986,0.203809600794328,4.589917170955741,0.35152369985588555,11.124582085018437,320.1639034098275,74.33425521848608,10.285510236314503,0.46695766986850445,0.15548315303804305,0.8133366502704242,0.3280092249138547,78.13633091490357,372.3836825933174,0.12255747972026307,0.12682355981927596,0.11099904310828017,0.14700896575568057,0.06692450684592474,0.33255518351089985,0.156494182883555,0.049117371741008296,0.00124840855613029,56090.04401056664,0.5591094753430063,170.1191283022358,0.6499983639714345,0.13271338397983878,0.22156482998929652,0.1626855566854535,0.21375127363230376,0.01570531278752692,0.03171186927056724,0.001250912491561883,0.09605022141461411,0.6284422003141923,0.024657396489357875,0.513574167764335,0.3247462123289524
nd,760077,6605.995429102763,0.13949954403170994,2.9756819211063412,3.177238876919238,0.06270974399485131,0.17242449924147238,0.3274399896326293,8.717435207222426,0.238371111084798,0.7470060830094764,0.23231852286574436,0.3860488855163112,430.8614508793188,20.72801052386368,0.08573775033448716,7.668569390931445e-4,6.512497940553391e-4,0.0018734943968342682,4441.331638768177,0.5228262136599318,0.5002773666352225,0.6759529438871927,0.7321941652741814,0.02700200565340025,0.10656662022400362,4.388858208485781,0.2677422146376188,13.883075475701084,225.52584368055085,67.72091164887787,5.968963670785986,0.38867641041631307,0.11350899467699484,0.8136823940810609,0.14010707994058497,79.60202508082777,316.64818049441845,0.09015383620135684,0.09938551045527676,0.08987670722834659,0.07360999740815734,0.06839255496134511,0.28365721602755867,0.09146113059278521,0.07379675761216943,0.0014169617135406016,63348.072870248674,0.3036631396910514,175.87538935926702,0.6233934376431963,0.09791404213981109,0.23510512750835322,0.15345418950053535,0.032391455068269265,0.05520756449788639,0.017663999814899675,7.538709849736277e-4,0.03885001125511718,0.8396372998987568,0.006423667738199946,0.4877492675151183,0.3869708032145803
ne,1929268,6092.875921340566,0.14141401933286893,3.196753247305519,3.4725027001445383,0.0689892040506546,0.14770698448159894,0.3222129341283844,8.012200223089794,0.2321410503880228,0.8444116873358108,0.21911818397530172,0.35232540179203065,447.11770925553105,21.342944242942313,0.09620032696123602,7.541478359774277e-4,7.676486520908449e-4,0.00265074628062856,3500.8264761557234,0.48555429313086623,0.5253226145875016,0.8816006922843989,0.7168730993059417,0.028037501471656037,0.12951836188647717,4.1586278799539285,0.28059208610669667,12.7497480828136,272.3270560474198,57.80224784906981,8.640108631874886,0.1009818231577987,0.1289159440691694,0.8192244138092855,0.18450216195987285,79.17841613905642,309.28679110256746,0.09789268739114011,0.1063365465592304,0.0942426713136796,0.1185512308295167,0.05500462578643973,0.2904753923622836,0.11588208704731291,0.05162127638004243,0.0011983819949088464,61360.39533750625,0.4554868610709223,135.95148691713197,0.6596064046945895,0.10523017844337179,0.2471616177848623,0.15739959403731327,0.048154014891709084,0.014856930201691989,0.027131015485073302,0.0012118585965208565,0.11189321545466507,0.7855844807477707,0.026821756966921545,0.5006489507931745,0.2537412831818678
nh,1356458,6563.350623700929,0.11670616841380935,3.346051543954266,3.8110291568284844,0.06848596073684435,0.14033185852965946,0.2793089089378366,8.621533803479355,0.21324377606973458,0.8831325299599759,0.19880223511936257,0.3115166422781627,328.6611374624205,10.847593347619583,0.07051351309202444,9.07538990233977e-4,7.453234896978749e-4,0.0030690224329188226,4106.6807877575275,0.5025643772236221,0.5019839685415988,0.896043601410066,0.705484566017828,0.025226120320040284,0.10199914483161293,4.193492582431246,0.27785841446838805,10.142611348058521,198.61356882382916,86.37701372031098,7.53530636407467,1,0.1507393612167961,0.8078909439410007,0.38679757058456654,79.5198761918192,308.8694117262933,0.09834637938321186,0.11511676528703123,0.09258477298965394,0.08655149366954229,0.04981713412527406,0.3144748500851733,0.085028622657241,0.024801012037767627,0.0013771159895811,76131.92229247054,0.2685737620206877,187.46635752255793,0.7088064088283694,0.129295995839254,0.19032657111450788,0.18109296416992918,0.014114701675292194,0.00301520577358923,0.029827683542727895,4.6960537956685717e-4,0.03882390754779367,0.8996386176365943,0.009953656874767961,0.5043960078405989,0.3937794976684231
nj,8908520,5962.070886460654,0.1655636656870075,3.5359059172530105,3.8872544498130206,0.08018079551647493,0.13488365943671893,0.2641239038583289,8.586652350783295,0.26057077157597447,0.9480646978727533,0.1817037703112658,0.21206623679212963,388.0571586301653,12.829896929216345,0.08917749177790409,8.408510181025692e-4,8.589530078093667e-4,0.0022357248907930497,4583.465517953599,0.4073243389474346,0.4848113558705599,0.907033680690395,0.6936600825655991,0.04180368608903449,0.13353736164929753,5.120489232887072,0.2911399360912238,8.46123012456096,250.4475679276184,56.38675172314975,9.899445036886037,0.7451081661151348,0.21758382064157078,0.7151605240880496,0.42804619532761895,80.52937635481841,293.91841433102906,0.10584444316119329,0.11814930193203366,0.09530606284770086,0.09614428737882387,0.03607760986651815,0.38510903461176743,0.10902311250523927,0.035527312974498605,5.921297891677518e-4,83029.89128115556,0.3764163268382682,663.0644142557137,0.6377071139558673,0.18905493699136203,0.21930051232125036,0.1614776640788438,0.12910573248516802,0.006140862919714565,0.09982028440158068,0.0011207248866170925,0.20647189432129598,0.5492376960602889,0.06234772299144498,0.5114571219580258,0.051390340695452896
nm,2095428,8980.15870889817,0.2063956141539946,4.429709732243663,4.494570681045273,0.09067070433730717,0.1665048178339183,0.2677857263528024,6.548784687424241,0.19777113076660235,0.7713708007715356,0.1638004870993236,0.3108259740155409,648.6311017605949,34.73820824656646,0.10990117466437302,7.467679793658384e-4,6.724163298978537e-4,0.003911372755268422,3035.3854969008717,0.3459737246996795,0.4061550766716871,0.7268092829952232,0.5965570862369125,0.050174432509296714,0.2507349314793923,4.890037264055365,0.39476495113334586,7.838534187032035,613.3355448294488,105.24286317088557,6.710149096031933,0.9186151946046345,0.1789919740446228,0.7852283688105869,0.2533659319241701,78.01587840966187,398.38658397916373,0.13814828223334766,0.1409193989034304,0.08969255302496675,0.15589058321259427,0.13926498211183858,0.314495830823932,0.13419139303235728,0.053441589671895766,0.00100170465565641,48281.21258998162,0.7395805828649796,292.50249965689096,0.6774365172037553,0.13680442303657453,0.23009762207594725,0.17475618347028937,0.018416285374538564,0.10904359396224227,0.017779661238006506,0.0016244891156217726,0.49118032210537377,0.3710578459395841,0.043973410278945066,0.5049770261811415,0.22118704422224494
nv,3034392,7270.4621999740775,0.18599091710334165,4.0254467025173675,3.8757898528174737,0.08432285138602985,0.16797244055363622,0.2573109644370272,7.933993861043662,0.231159977352959,0.9325549174762459,0.19526478623739058,0.2947972217345826,515.8475177564401,26.535521558847044,0.13099992816281372,5.655533129457565e-4,6.152797952559525e-4,0.0021117904496253284,4545.711970964859,0.3347645162523497,0.3601815750898368,0.8318339701892794,0.5827855862479806,0.04581178025913524,0.1840131377224828,4.252416524624572,0.37038508899606976,4.071828316562663,654.8707671972005,76.65760504946154,8.9664607605082,0.9359084126243412,0.19615187174917093,0.7823385524302479,0.3063941837442229,78.57856937028976,362.80223904866773,0.12152276761875064,0.12316167126269074,0.10216690724204387,0.1226020675641117,0.05268961300070884,0.3748923097034763,0.15193721837120838,0.07868240022176773,7.625910110463974e-4,58735.64325637558,0.5901261233885297,810.9439086122849,0.5562552550821384,0.15484254480408238,0.22706262075414266,0.15692797769568234,0.09126342278567759,0.016764808256170164,0.08713804941388323,0.00789680434503024,0.290387003370209,0.4865478817737214,0.06097705557462697,0.4985634684242075,0.054508266543462844
ny,19542209,5534.4786852992875,0.1635256571611418,3.5634596025965055,3.9341245128049955,0.07917686995187147,0.14027580833422731,0.2565144883058,8.37957140362177,0.2477291418283368,0.933873048582718,0.1925963061548677,0.18494036148201454,586.5321903629216,15.166379070916909,0.06579003347401408,8.211346716224813e-4,8.214015167790652e-4,0.0028908195588834814,4307.558176304429,0.41152382926617964,0.46143342699896417,0.8140422772757437,0.6781230573284007,0.041511765595677354,0.18487313297079158,5.5803410403298646,0.3403346497543101,7.911893350573899,380.95972019996213,48.8864800835472,9.440705741096107,0.28058573112179896,0.24245751190019696,0.5330055532696127,0.45113369317665164,81.46554277752448,280.1069618476433,0.10763900141943769,0.11917657779884229,0.09811133316607146,0.11287300862456234,0.02248460705852841,0.36904369960993927,0.07942865461538466,0.026552668921848755,0.0011803169232537888,71295.31446516614,0.5575032350537751,2361.8855497703603,0.5446278685705038,0.2043003817069856,0.20817001803844407,0.1644406730092686,0.14501472172175905,0.009743729600466053,0.08955041880704866,0.0013685760922207567,0.19210366647173477,0.5542118600885203,0.07088346721773654,0.5144648181893212,0.11740189114272269
oh,11689442,8634.090705955843,0.17102635173928152,4.02746395433678,4.38188060517209,0.08507868936568937,0.19160498596595185,0.32245148493828873,7.355961687478325,0.26313021973161765,0.841566941122562,0.18980524333968082,0.34142176359353654,517.2091590428354,24.30995554460664,0.07092872889225331,7.626812024318439e-4,6.213299254045061e-4,0.0024429737452562918,5074.322521040782,0.4301004881156859,0.49433497937711657,0.9036369972180752,0.6503373244217276,0.046142166562832446,0.19424244382238262,4.651877954537834,0.36205528020494404,10.906244933574209,303.1395839367293,86.4899118302607,11.98409232878695,0.2926874524891778,0.14004871993649667,0.831789826876835,0.3051890691617273,76.95815075215843,407.7929615559376,0.1217089740843959,0.13453759998805392,0.11734840841846857,0.14680765779923455,0.06777645899634248,0.3703338918557883,0.08073766376348683,0.04536819207835542,9.912363665897826e-4,57469.41610514856,0.3802706770808869,174.0258135953375,0.6620077821240647,0.12195285576168793,0.22185190704171237,0.1706687111311859,0.12613099923695967,0.002871480097178608,0.024571061653697636,5.983176952300289e-4,0.03942677503577822,0.7866912723572732,0.010445222498970884,0.5097526468743508,0.2174046152855332
ok,3943079,9265.106165645908,0.191326737470665,4.318715677616271,4.5848886635583295,0.07950059052843633,0.18280037674180308,0.3369940171120081,7.052471025815105,0.29278259223312547,0.720432835956028,0.14553688102860565,0.27025827965745497,553.1268814548224,36.61616842942698,0.1656096820862673,6.187917166834598e-4,6.109438933879337e-4,0.004034410670837663,4792.3383959590965,0.37259343776779513,0.48202155980136335,0.8062820457176745,0.5925473432552266,0.03436114562753858,0.2139280108260575,4.551741670561437,0.33945474680102633,11.031614200443137,430.529393422901,93.89036427574995,9.626288567893262,0.8937797086997242,0.14167081951446844,0.8239594527411342,0.2659326858528576,76.06647806814962,457.5269437696401,0.1309939425696187,0.14500671333463552,0.12226294527702843,0.1540591631565079,0.08517613757922009,0.33158648178269307,0.2016890622575791,0.08163363087773075,9.436787847804216e-4,52427.19043493676,0.6175681869913858,83.92801400614303,0.6568870707748106,0.11434768739915105,0.2425733798468864,0.157124166162016,0.07426734286455908,0.09308537820150178,0.023377416484949325,0.00191931230309867,0.10881800744392638,0.6533414623378668,0.020707480552482258,0.5046901165383182,0.32824909398134017
or,4190713,6014.890459846709,0.1461275415263581,3.808781493983137,4.390043203980407,0.0643992299726452,0.1481431586057826,0.2892213799895149,7.896787515632781,0.1720808704867167,0.8805861301475595,0.19700740959916876,0.3100358303225287,449.4462980165905,18.678508690443227,0.08261839788858621,9.396670187142618e-4,7.97954903303686e-4,0.005215341642354368,2888.7377159924813,0.4066470884548763,0.44595825817706913,0.7751077246998304,0.6852773739285148,0.0421055168119536,0.1577984860810082,4.44187332800902,0.3013239960679248,9.869248188331857,259.7635864556003,73.50802557452185,8.61487584570931,0.7135043607137974,0.19341168184431998,0.7211784296218339,0.2871538041378639,79.86519592166889,304.16556564242273,0.11266676843881798,0.13396697522015819,0.09332590683256048,0.12462107474312843,0.053058407968194124,0.30191455474464635,0.09894565647397362,0.0367957566769118,8.743142284621257e-4,64732.30494619889,0.49308326546637493,392.6553165816332,0.6195943919627055,0.1592136194158257,0.20845307230487672,0.17626857293099346,0.019592608696834428,0.01814082710728542,0.048295838915769725,0.004533596088495228,0.1327688152319551,0.7529210423289863,0.029894222412203984,0.5042624011705075,0.1866099824052402
pa,12807060,7610.559175259973,0.1591602071651021,3.8684894297979584,4.275897418064227,0.08102601692259462,0.1734817342736914,0.3029537548820729,8.050558004725518,0.23034107851450683,0.8455086118358485,0.20321299482251362,0.2629265870213043,441.1249336928226,18.35296530766759,0.06605409157318506,8.086807243969888e-4,6.899319603838976e-4,0.002064486308639735,4731.333752633313,0.4413196955429271,0.5092622116239012,0.8829535601574892,0.6485104386374849,0.04335102765284738,0.1668575457599168,4.685646185640527,0.33599135143400716,12.078277953991321,316.3245945271753,85.48415520233816,10.849481934183176,0.7632370739264125,0.15066295250199574,0.7585435519217347,0.37745999292577687,78.34870809209515,360.34234288774144,0.1143951088173134,0.12769868127092987,0.10614480723913217,0.11975545191480323,0.0453963127261048,0.3578957678489112,0.07421161105916108,0.04322870932927313,0.0011691207834040756,62509.273365940346,0.500571934210118,256.27879948313677,0.6896332002475717,0.1355660386180046,0.20683209104961164,0.1823705050170353,0.10842019947683205,0.003869974838242501,0.03701638002824592,7.851919145849086e-4,0.07621913226882171,0.7606453783989168,0.02031650759694527,0.5100624187051456,0.2095059409353568
ri,1057315,6025.460611595996,0.15553316880355,3.891037210584721,4.303678367722574,0.07396105123692144,0.13985095445951207,0.2806753077370509,8.152904668901888,0.2444111887185938,0.9494388066541131,0.19301614879392434,0.3455442105723617,485.8834910126121,15.092793590658975,0.0542300338425159,9.719037013137995e-4,6.469216951359812e-4,0.004090550095214009,4445.173844124031,0.5022320027617125,0.4825989889484212,0.8629908459953101,0.6701602692300475,0.04084837340013213,0.17564688952677301,5.1691019955396955,0.3590861897347534,9.945528150171384,230.1002883524726,78.41419902037867,7.118970600057693,0.9539881681428902,0.18500378438677895,0.8000995864909646,0.32562989269990494,79.90191559144199,305.3692575569774,0.11440614014926395,0.13260618374524338,0.09540837498758648,0.11505707476012351,0.046920476128181,0.3596393641046078,0.06498602785359311,0.0221898277882073,0.0010904981072065562,64592.50109664575,0.4582061652684855,559.2716769913186,0.599513496082668,0.16292620038113903,0.1940888003627983,0.1723743633950186,0.05989038274383453,0.01069501520384351,0.036336380350297404,0.002019265774083126,0.15921650596118148,0.7201628653566522,0.04405660536514558,0.5135489423484809,0.09226851321657387
sc,5084127,8795.247425296388,0.17421282964059676,3.8734383823372402,4.387321908423556,0.09556635428801968,0.16645288258138885,0.32884381664738116,7.444768728239874,0.25882415486473886,0.691397043935969,0.1712764740675272,0.3349448771241749,639.7678371724388,27.276008422156615,0.1316805959382053,6.676758464580644e-4,5.528972728982773e-4,0.0017536934135906127,4476.138013468192,0.46481581006926065,0.4748305500629705,0.8416393359083746,0.6200413122267241,0.034626322386674666,0.22342341389190315,4.645728832866808,0.3872336749987085,11.36164751378562,499.15565561708365,84.90196368234518,10.027571950897372,0.20468037088766666,0.14692147368383143,0.8249527052642045,0.3480948562063851,77.02429388295332,415.5404378877328,0.12048820699519258,0.13551254146611913,0.12793310709980296,0.1311306171147967,0.0913258140491583,0.36107634988667026,0.16143098246410156,0.052499244182836934,9.346737384831063e-4,53840.35759767606,0.6615800685734765,53.15764352707194,0.6888831444633101,0.13118175116648256,0.21752898776896706,0.17700482305159104,0.2661593622685159,0.005447149530308035,0.017694679936687302,0.0010135466629659724,0.05822946593413823,0.6369893985633317,0.014230096074699944,0.5154869262761642,0.3251892294788493
sd,882235,7290.384344631879,0.12723017276847143,3.193452055401864,3.062508514027774,0.06385999917237041,0.16214812763578637,0.3189787913651125,7.609138494845477,0.21321282084705323,0.7416870643613016,0.18755266325576428,0.3538758574364157,474.51997517668195,25.412632909873093,0.10779098152540978,7.585402751849565e-4,5.962130416997739e-4,0.0018147092350642403,4851.18927496642,0.4967585053868867,0.4777794805238967,0.8573568431897967,0.6776581611427137,0.031412897670722424,0.15242484032032283,4.155937167680845,0.30153148393014345,14.495213425753759,278.06631215251014,78.9329171131414,6.563977058266788,0.35899278536897766,0.12220910872926909,0.7990873821111641,0.15424786366444315,78.59928842852295,337.6424877160347,0.09908448897548341,0.09883351890219783,0.09894071760925378,0.11639309027640028,0.10245951186760206,0.25769433259932284,0.12786269013991058,0.06466533982900746,0.0014916660336143999,58029.48744268817,0.37022495133000105,50.2894696988523,0.6781350918913654,0.09672861724178501,0.24665310262706977,0.1664567830617118,0.022853321390678676,0.09001229831215549,0.01710768672058998,8.467131817835383e-4,0.04126111523215606,0.8142762415966582,0.010035614928465093,0.49499736466136957,0.4073069874159191
tn,6770010,9299.46198241188,0.19529465948796196,4.273370027178882,4.486477536236077,0.0906467376967719,0.20584749735910318,0.33138454152948077,7.38007577536813,0.2713525591542701,0.704482992702713,0.1473744726086025,0.2492649230552513,521.8445580878019,31.186125157814644,0.1131094194343856,7.159417766441704e-4,5.388470514200127e-4,0.0015181661544351188,5302.628165098722,0.4097667433282964,0.490126677804021,0.8952705625794295,0.600390512044871,0.03561001101338175,0.2195374550406868,4.601390298905018,0.3514731036563205,10.827467287008279,620.9752481120288,88.42650580571849,10.235280952317648,0.12831088875791913,0.14632889224045123,0.8351034401743381,0.34918805865870217,76.09049215888899,450.0315496262077,0.1304261520737758,0.1395421292760176,0.1271072516879591,0.13670176366061498,0.08413852465575432,0.36308257864866506,0.1392876169218282,0.04360469956532154,0.001393498681966378,54578.303396449934,0,208.82859398972823,0.6637227851083974,0.12412246596561179,0.22248416177296562,0.16391364266085617,0.16743815739729645,0.004701027025717156,0.018984610072392716,9.595259128241169e-4,0.05624393465102265,0.7370384977184402,0.01519445384706996,0.5121242066152869,0.32983392478090034
tx,28701845,6682.324137776322,0.19691585913928752,3.739154122174461,3.8765038178301503,0.08281776736334609,0.14292605745706663,0.30125503816914906,7.160439320190044,0.24306597095064794,0.8112029548878645,0.19306000505877047,0.28683720082092223,534.5610932502772,33.93468330889518,0.19381218696785524,6.096597903940775e-4,5.764089457255483e-4,0.0011381149957890757,4994.498338974376,0.3704198287601372,0.44664473590460824,0.8991463700678475,0.6107805914558735,0.03919259137796611,0.20843295495463796,4.668874144901616,0.3256171573097121,7.346373775801682,417.62127286764417,56.39037865670428,10.34533494275368,0.8238003166695381,0.17722293374947376,0.8064914676172121,0.37930555042715897,79.22112329436882,338.71993211215926,0.11548796516586601,0.1209585730067272,0.09994144651676574,0.14874151215714532,0.08535420265187191,0.3289558610187525,0.23460731489186143,0.10645336712972372,8.209576772834185e-4,61764.52059618467,0.5800181967560991,393.22113326286376,0.6214559056566025,0.13416263187532948,0.2577569142387916,0.12550830792348353,0.11991020088912112,0.010137362249007225,0.05178294286422532,0.0014749226024539362,0.3961016791884001,0.41505516457474956,0.07562105535078416,0.5031641345751411,0.14776426073161794
ut,3161105,6047.986002463331,0.13273158468638113,3.486698196929813,3.7127398891083465,0.0710613229443878,0.08947836537062186,0.2591252830892995,7.854714411574434,0.1804804996986813,0.8576257776860815,0.12488594481801218,0.21792833810812354,325.81719379773847,18.17740463165643,0.10103091800238254,5.785081352780752e-4,6.801419191257804e-4,0.0033352261367801134,2336.624558817249,0.3916729592974609,0.4702980033880558,0.8711644925577441,0.7047197666039352,0.03131858034548596,0.09832877585527847,3.7254074279771796,0.185303556661533,3.1786718726368406,224.29424793302027,66.66522380393607,7.641014423753719,0.5064675168967814,0.14195904774386064,0.7600160916035602,0.24119914966443695,79.78989862311475,288.6797684624131,0.10300900398775609,0.11243804032292806,0.07114677462469611,0.1236352901912464,0.05821606193820705,0.2964436879264596,0.11768808870658513,0.07068338900650231,8.90827714877519e-4,72126.49485670359,0.3507720606153994,176.42389545760037,0.6986606049588274,0.10466563407789435,0.2949797618281994,0.11087198940807487,0.011485540643629395,0.015383228334904471,0.027012389642136717,0.010595978301073106,0.1424242472300957,0.7801148649027194,0.023532934075142328,0.4963334024032385,0.09181393022303315
va,8517685,6576.240557286685,0.1465009639076994,3.3513157677898615,3.6398157816266266,0.07995580185247914,0.150318536407255,0.2973112903329954,8.220570166659133,0.22777962298441418,0.8295735368010638,0.181127603395084,0.29524726025129255,499.5559432287059,18.30636824327646,0.10213894547271721,7.57922906617244e-4,6.862193222939801e-4,0.0017485971853262476,4395.261194326862,0.42317978065636375,0.4916826309026455,0.907865731592563,0.69707761425355,0.030171559282906962,0.1447183321524569,4.143384734744293,0.3037623886640769,10.814643721831285,207.98204108775622,62.583582026998286,8.948465340054252,0.14777841631851846,0.1487893676931563,0.7771647766716114,0.4012717679745142,79.73511968207428,319.60157804698434,0.10186759486631666,0.11253869291797784,0.10459321423602776,0.0994435785075405,0.04180408904121833,0.35334547099973723,0.1211284166404563,0.050717138913818544,9.285386821043042e-4,79896.6118960727,0.4538156960136591,426.73518771880225,0.666140514599717,0.13040407585332167,0.21951880116508238,0.15443174993176564,0.19106529532977604,0.005448546173161358,0.06915564499135468,0.001173793105631671,0.09637289943544752,0.6145465581288776,0.026773866449613975,0.5080062247052761,0.23669796934147908
vt,626299,6358.263047015709,0.11732811827166816,3.3174751742193314,4.058861057792879,0.06728376522694704,0.13962130430437156,0.26323593523221334,8.277797345996081,0.19101243974523352,0.758226537706139,0.20174238310419337,0.3323837508298281,298.3037324025745,13.114136717829554,0.05528954692007364,0.0011308842174257024,7.153132701866042e-4,0.004574492380396105,3339.4052840576146,0.46837135297996646,0.48905993782522406,0.8683492012082916,0.6786567516470634,0.026904324683214728,0.12095781727258066,4.341432583649404,0.3039987253522659,12.690933637864292,117.73180738621168,83.2850607117196,6.88592637063128,0.7529438814368217,0.1692560261955392,0.7594162869546028,0.307652613208707,79.73620186114977,300.68242957592327,0.09794380998534581,0.12070589981996012,0.08424322408306575,0.1143605099161902,0.032640547099286925,0.29186713540109005,0.06791981151983477,0.014831060600694237,0.0011703675093872096,61804.21184609907,0.38576454110495867,127.1000469804153,0.7063283358985776,0.1525246068676081,0.18517193863794593,0.1935289694023385,0.013020937271556237,0.003923046345327391,0.02008784940560068,3.943803157796835e-4,0.02001280538948106,0.9254174124428993,0.0056210354756933995,0.5062230659932021,0.6067244343275164
wa,7535591,5640.850473245779,0.14118894816887248,3.6328845663896896,3.976833657801384,0.06417085436588109,0.12494135203863857,0.27933545185772424,7.992794871696195,0.17057058245332052,0.8641292246298212,0.18817065338411146,0.31818270588019953,435.10476622205215,17.3214459602342,0.07113481174292008,8.453069790189515e-4,8.158616854288801e-4,0.003725122576488984,3003.7209219555575,0.39635989930982185,0.4733040049546213,0.8361451585750087,0.6975523043168799,0.04591301481891867,0.12484939655031702,4.262937591742649,0.27717636096904447,8.505560745215522,288.9238380856901,65.74009218244782,7.941192601880861,0.861422282605306,0.17325675609410252,0.7247257511737702,0.36538734493419295,80.4650950278968,287.7788412869581,0.10571578222556363,0.1197294370471006,0.0882785168409485,0.11872100940722499,0.05483547268649904,0.308699085123729,0.08844458980430545,0.026047400252311174,9.305176148767097e-4,76519.68001302087,0.4166781051117841,447.1472256189513,0.627858176531541,0.13902683058470652,0.22072389543384718,0.15449776931399345,0.03923129585925323,0.019169033990059214,0.09335100591099715,0.007829644664348729,0.12876999295472336,0.6800990128059434,0.03682492782417826,0.4997192655389876,0.15548867328212795
wi,5813568,6384.159483488916,0.13464348695868725,3.4471629519307987,3.697146549840578,0.07192737721659587,0.15426476836633318,0.31254987109465304,8.377118234447417,0.20732502879470918,0.8539319719779938,0.25575640429143903,0.35896012954863343,477.57099507565744,16.97481228392822,0.06426305637431601,7.87713607200105e-4,6.837453297711836e-4,0.0020331748109682726,3957.555788975032,0.5008713667751027,0.52740567582593,0.8915051127735226,0.6902092395188286,0.030283096178530255,0.1389482417682222,4.187291840167331,0.31157855757951297,11.131615022315822,290.13369341683784,79.88906118480472,9.757739653169963,0.5879785013265519,0.1441230850079463,0.8110098540957068,0.27021523167872125,79.46462943405972,310.2624046803307,0.10089702855938992,0.11274194960575426,0.09254090052786859,0.10145880430056035,0.04782236803475046,0.3220943218297935,0.07392378614098562,0.0389501299638534,0.0011557446453525787,62210.004555722066,0.3740119540700003,303.9548451555626,0.668491791885074,0.12192830756759716,0.21950427000894784,0.16951259535424398,0.06380057824273473,0.01162298264069069,0.03029929295904064,5.57832979315577e-4,0.0694848671155976,0.8106715187731602,0.014223035731839655,0.5024960575044343,0.2952202692082411
wv,1805832,10789.873933617928,0.22347906894060704,5.176786966182718,5.305278852701777,0.09345438409166779,0.22620325579258058,0.3670189641118332,7.566237723110455,0.2883372462111647,0.5947628091719801,0.12722340877492674,0.28351478544853015,228.12003724598966,34.43151806605079,0.07520184968768873,7.762545312654777e-4,5.515463309777432e-4,0.0013035542525388852,6186.036562648131,0.38719865967598316,0.4184488424172348,0.89391808645544,0.547452636887233,0.05391635635999661,0.23182012058707563,4.795517430698997,0.3348003596823262,12.05011023530655,323.431515297637,118.45230336223129,9.770815280712712,0.656064905262505,0.11425152048113163,0.8266821130039997,0.3384312992570737,74.88317803084792,501.50635589203483,0.15409067071214996,0.1619783965248754,0.14874569007526725,0.1358003535212578,0.06551960870897786,0.3880684189953855,0.092179525318088,0.026021278632279748,0.0015145373422642862,45444.69461168038,0.5486820632982151,57.65250136888986,0.7297062243556576,0.10122615881857276,0.20165774003712642,0.19928653384420103,0.03512452986165136,0.002506323947637322,0.008493591869545118,2.923859950504255e-4,0.016724147102931502,0.920513646884493,0.003478790871493805,0.5047490575004043,0.5080537038597922
wy,577737,7167.106836691509,0.13898741665712636,3.3699561120068604,3.518489056408116,0.08662123315805272,0.1666341278947253,0.2899527051236116,7.68829657785463,0.24148305543872037,0.7660441372362222,0.19296510008955475,0.33242270795824913,370.14584369704556,28.11118940798671,0.14183558418115094,6.78498981916166e-4,6.750476613320593e-4,0.003351005736845485,3342.8435949229493,0.3552666870911851,0.4254824080853399,0.8237089424026199,0.668082252241389,0.04083193128815378,0.13139714437538189,4.182312099508461,0.2619183670949437,11.82217218116331,186.8505935749997,92.37608501019578,4.743793110013725,0.5046050365477718,0.11785209837854527,0.7770286189111357,0.1494695060209057,79.16255428270426,342.9621549286358,0.10185872203589955,0.11166034849551769,0.08761907753874168,0.11871903132394153,0.08741119985796894,0.3036927698953231,0.16435290038949157,0.08758671578545238,0.0010575746340128814,64038.21995129272,0.3657591417893221,136.97209226580227,0.6957908143656267,0.10250706375823133,0.2332808873284825,0.16508376648187983,0.011420421406033715,0.027451937476226033,0.01075402821572186,9.900698818749707e-4,0.10078461306655692,0.8381893491448025,0.009368720787932917,0.4901936348196561,0.3496650493177437
